NMFS_DNA_ID,PHENOTYPE,COLLECTION_DATE,REACH_SITE,LOCATION_COMMENTS_F,LATITUDE_F,LONGITUDE_F,Sample_ID,Sample_Plate
T145112,Spring,2006-10-12,NA,NA,NA,NA,CH8943,T145112_T1515_8B
T145116,Spring,2006-10-18,NA,NA,NA,NA,CH8991,T145116_T1515_8F
T031549,Spring Run,1997-10-01,NA,Upstr. Hose Cr. (?),NA,NA,CH9105,T031549_T332_4G
T031552,Spring Run,1997-10-01,NA,Downstr. Boy Scout Bar,NA,NA,CH9141,T031552_T332_5B
T031553,Spring Run,1997-10-01,NA,Downstr. Boy Scout Bar,NA,NA,CH9153,T031553_T332_5C
T031554,Spring Run,1997-10-01,NA,Downstr. Boy Scout Bar,NA,NA,CH9165,T031554_T332_5D
T031557,Spring Run,1997-10-11,NA,"East Fork South Fork, Coordinates for River confluence or Town nearest Collection Site",41.1534722222222,-123.109641666666,CH9106,T031557_T332_5G
T031560,Spring Run,1997-10-11,NA,"East Fork South Fork, Coordinates for River confluence or Town nearest Collection Site",41.1534722222222,-123.109641666666,CH9142,T031560_T332_6B
T031568,Spring Run,1994-09-28,NA,"South Fork Salmon River, Coordinates for River confluence or Town nearest Collection Site",41.2571638888888,-123.321702777777,CH9143,T031568_T332_7B
T031571,Spring Run,1994-09-28,NA,"South Fork Salmon River, Coordinates for River confluence or Town nearest Collection Site",41.2571638888888,-123.321702777777,CH9179,T031571_T332_7E
T031585,Fall Run,2006-10-31,NA,Coordinates just upstream of confluence w. Klamath River,41.3793,-123.491677777777,CH9157,T031585_T332_9C
T031588,Fall Run,2008-10-31,NA,Coordinates just upstream of confluence w. Klamath River,41.3793,-123.491677777777,CH9193,T031588_T332_9F
T031595,Fall Run,2006-11-03,NA,Coordinates just upstream of confluence w. Klamath River,41.3793,-123.491677777777,CH9182,T031595_T332_10E
T031596,Fall Run,2006-11-03,NA,Coordinates just upstream of confluence w. Klamath River,41.3793,-123.491677777777,CH9194,T031596_T332_10F
T031602,Fall Run,2006-11-03,NA,Coordinates just upstream of confluence w. Klamath River,41.3793,-123.491677777777,CH9171,T031602_T332_11D
T031607,Fall Run,2006-11-07,NA,Coordinates just upstream of confluence w. Klamath River,41.3793,-123.491677777777,CH9136,T031607_T332_12A
T031630,Fall Run,2006-11-10,NA,NA,41.3793,-123.491677777777,CH9211,T031630_T333_2H
T031633,Fall Run,2006-11-10,NA,NA,41.3793,-123.491677777777,CH9247,T031633_T333_3C
T031634,Fall Run,2006-11-10,NA,NA,41.3793,-123.491677777777,CH9259,T031634_T333_3D
T031636,Fall Run,2006-11-10,NA,NA,41.3793,-123.491677777777,CH9283,T031636_T333_3F
T031637,Fall Run,2006-11-10,NA,NA,41.3793,-123.491677777777,CH9200,T031637_T333_3G
T031639,Fall Run,2006-11-10,NA,NA,41.3793,-123.491677777777,CH9224,T031639_T333_4A
T031641,Fall Run,2006-11-10,NA,NA,41.3793,-123.491677777777,CH9248,T031641_T333_4C
T032035,NA,2006-10-12,Cecilville,NA,41.1381611111111,-123.138397222222,CH9201,T032035_T337_5E
T032036,NA,2006-10-19,Cecilville,NA,41.1381611111111,-123.138397222222,CH9213,T032036_T337_5F
T032037,NA,2006-10-12,Cecilville,NA,41.1381611111111,-123.138397222222,CH9225,T032037_T337_5G
T032040,NA,2006-10-12,Cecilville,NA,41.1381611111111,-123.138397222222,CH9261,T032040_T337_6B
T032045,NA,2006-10-05,Cecilville,NA,41.1381611111111,-123.138397222222,CH9226,T032045_T337_6G
T079439,NA,2010-11-12,NA,NA,NA,NA,CH9250,T079439_T831_7A
T079440,NA,2010-10-12,NA,NA,NA,NA,CH9262,T079440_T831_7B
T079442,NA,2010-10-12,NA,NA,NA,NA,CH9286,T079442_T831_7D
T079443,NA,2010-10-12,NA,NA,NA,NA,CH9203,T079443_T831_7E
T079450,NA,2010-10-15,NA,NA,NA,NA,CH9287,T079450_T831_8D
T079458,NA,2010-10-19,NA,NA,NA,NA,CH9288,T079458_T831_9D
T079465,NA,2010-10-19,NA,NA,NA,NA,CH9277,T079465_T831_10C
T079466,NA,2010-10-19,NA,NA,NA,NA,CH9289,T079466_T831_10D
T079469,NA,2010-10-22,NA,NA,NA,NA,CH9230,T079469_T831_10G
T079484,NA,2010-10-22,NA,NA,NA,NA,CH9220,T079484_T831_12F
T079485,NA,2010-10-22,NA,NA,NA,NA,CH9232,T079485_T831_12G
T079486,NA,2010-10-15,NA,NA,NA,NA,CH9244,T079486_T831_12H
T079531,NA,2010-10-22,NA,NA,NA,NA,CH9269,T079531_T832_6E
T079533,NA,2010-11-12,NA,NA,NA,NA,CH9293,T079533_T832_6G
T079547,NA,2010-10-15,NA,NA,NA,NA,CH9355,T079547_T832_8E
T022276,NA,2006-10-27,reach 10,NA,NA,NA,CH14865,T022276_T235_9F
T022277,NA,2006-10-27,reach 10,NA,NA,NA,CH14877,T022277_T235_9G
T022278,NA,2006-10-27,reach 10,NA,NA,NA,CH14889,T022278_T235_9H
T022279,NA,2006-10-27,reach 9,NA,NA,NA,CH14862,T022279_T235_10A
T022280,NA,2006-10-27,reach 9,NA,NA,NA,CH14874,T022280_T235_10B
T022281,NA,2006-10-27,reach 9,NA,NA,NA,CH14886,T022281_T235_10C
T022282,NA,2006-10-27,reach 9,NA,NA,NA,CH14898,T022282_T235_10D
T022283,NA,2006-10-27,reach 6,NA,NA,NA,CH14910,T022283_T235_10E
T022284,NA,2006-10-27,reach 6,NA,NA,NA,CH14922,T022284_T235_10F
T022285,NA,2006-10-27,reach 6,NA,NA,NA,CH14934,T022285_T235_10G
T022286,NA,2006-10-27,reach 6,NA,NA,NA,CH14946,T022286_T235_10H
T022287,NA,2006-10-27,reach 6,NA,NA,NA,CH14863,T022287_T235_11A
T022288,NA,2006-10-27,reach 5,NA,NA,NA,CH14875,T022288_T235_11B
T022289,NA,2006-10-27,reach 5,NA,NA,NA,CH14887,T022289_T235_11C
T022290,NA,2006-10-27,reach 5,NA,NA,NA,CH14899,T022290_T235_11D
T022291,NA,2006-10-27,reach 4,NA,NA,NA,CH14911,T022291_T235_11E
T022292,NA,2006-10-27,reach 4,NA,NA,NA,CH14923,T022292_T235_11F
T022293,NA,2006-10-27,reach 4,NA,NA,NA,CH14935,T022293_T235_11G
T022294,NA,2006-10-27,reach 4,NA,NA,NA,CH14947,T022294_T235_11H
T022295,NA,2006-10-27,reach 4,NA,NA,NA,CH14864,T022295_T235_12A
T022296,NA,2006-10-27,reach 4,NA,NA,NA,CH14876,T022296_T235_12B
T022297,NA,2006-10-27,reach 4,NA,NA,NA,CH14888,T022297_T235_12C
T022298,NA,2006-10-27,reach 4,NA,NA,NA,CH14900,T022298_T235_12D
T022299,NA,2006-10-27,reach 4,NA,NA,NA,CH14912,T022299_T235_12E
T022300,NA,2006-10-31,reach 4,NA,NA,NA,CH14924,T022300_T235_12F
T022301,NA,2006-10-31,reach 4,NA,NA,NA,CH14936,T022301_T235_12G
T022302,NA,2006-10-31,reach 4,NA,NA,NA,CH14948,T022302_T235_12H
T022303,NA,2006-10-31,reach 4,NA,NA,NA,CH14670,T022303_T236_1A
T022304,NA,2006-10-31,reach 4,NA,NA,NA,CH14682,T022304_T236_1B
T022305,NA,2006-10-31,reach 9,NA,NA,NA,CH14694,T022305_T236_1C
T022306,NA,2006-10-31,reach 9,NA,NA,NA,CH14706,T022306_T236_1D
T022307,NA,2006-10-31,reach 9,NA,NA,NA,CH14718,T022307_T236_1E
T022308,NA,2006-10-31,reach 4,NA,NA,NA,CH14730,T022308_T236_1F
T022309,NA,2006-10-31,reach 4,NA,NA,NA,CH14742,T022309_T236_1G
T022310,NA,2006-10-31,reach 5,NA,NA,NA,CH14754,T022310_T236_1H
T022311,NA,2006-10-31,reach 5,NA,NA,NA,CH14671,T022311_T236_2A
T022312,NA,2006-10-31,reach 6,NA,NA,NA,CH14683,T022312_T236_2B
T022313,NA,2006-10-31,reach 6,NA,NA,NA,CH14695,T022313_T236_2C
T022314,NA,2006-10-31,reach 6,NA,NA,NA,CH14707,T022314_T236_2D
T022315,NA,2006-10-31,reach 6,NA,NA,NA,CH14719,T022315_T236_2E
T022316,NA,2006-10-31,reach 6,NA,NA,NA,CH14731,T022316_T236_2F
T022317,NA,2006-10-31,reach 6,NA,NA,NA,CH14743,T022317_T236_2G
T022318,NA,2006-10-31,reach 6,NA,NA,NA,CH14755,T022318_T236_2H
T022319,NA,2006-10-17,reach 4,NA,NA,NA,CH14672,T022319_T236_3A
T022320,NA,2006-10-17,reach 5,NA,NA,NA,CH14684,T022320_T236_3B
T022321,NA,2006-10-17,reach 5,NA,NA,NA,CH14696,T022321_T236_3C
T022322,NA,2006-10-17,reach 5,NA,NA,NA,CH14708,T022322_T236_3D
T022323,NA,2006-10-17,reach 6,NA,NA,NA,CH14720,T022323_T236_3E
T022324,NA,2006-10-17,reach 6,NA,NA,NA,CH14732,T022324_T236_3F
T022325,NA,2006-10-17,reach 6,NA,NA,NA,CH14744,T022325_T236_3G
T022326,NA,2006-10-17,reach 6,NA,NA,NA,CH14756,T022326_T236_3H
T022327,NA,2006-10-17,reach 6,NA,NA,NA,CH14673,T022327_T236_4A
T022328,NA,2006-10-17,reach 6,NA,NA,NA,CH14685,T022328_T236_4B
T022329,NA,2006-10-17,reach 9,NA,NA,NA,CH14697,T022329_T236_4C
T022330,NA,2006-10-17,reach 9,NA,NA,NA,CH14709,T022330_T236_4D
T022331,NA,2006-10-17,reach 9,NA,NA,NA,CH14721,T022331_T236_4E
T022332,NA,2006-10-17,reach 10,NA,NA,NA,CH14733,T022332_T236_4F
T022333,NA,2006-10-20,reach 1,NA,NA,NA,CH14745,T022333_T236_4G
T022334,NA,2006-10-20,reach 1,NA,NA,NA,CH14757,T022334_T236_4H
T022335,NA,2006-10-20,reach 1,NA,NA,NA,CH14674,T022335_T236_5A
T022336,NA,2006-10-20,reach 1,NA,NA,NA,CH14686,T022336_T236_5B
T022337,NA,2006-10-20,reach 1,NA,NA,NA,CH14698,T022337_T236_5C
T022338,NA,2006-10-20,reach 4,NA,NA,NA,CH14710,T022338_T236_5D
T022339,NA,2006-10-20,reach 4,NA,NA,NA,CH14722,T022339_T236_5E
T022340,NA,2006-10-20,reach 4,NA,NA,NA,CH14734,T022340_T236_5F
T022341,NA,2006-10-20,reach 5,NA,NA,NA,CH14746,T022341_T236_5G
T022342,NA,2006-10-20,reach 5,NA,NA,NA,CH14758,T022342_T236_5H
T022343,NA,2006-10-20,reach 6,NA,NA,NA,CH14675,T022343_T236_6A
T022344,NA,2006-10-20,reach 6,NA,NA,NA,CH14687,T022344_T236_6B
T022345,NA,2006-10-20,reach 6,NA,NA,NA,CH14699,T022345_T236_6C
T022346,NA,2006-10-20,reach 6,NA,NA,NA,CH14711,T022346_T236_6D
T022347,NA,2006-10-20,reach 6,NA,NA,NA,CH14723,T022347_T236_6E
T022348,NA,2006-10-20,reach 6,NA,NA,NA,CH14735,T022348_T236_6F
T022349,NA,2006-10-20,reach 9,NA,NA,NA,CH14747,T022349_T236_6G
T022350,NA,2006-10-20,reach 9,NA,NA,NA,CH14759,T022350_T236_6H
T022351,NA,2006-10-20,reach 9,NA,NA,NA,CH14676,T022351_T236_7A
T022352,NA,2006-10-20,reach 9,NA,NA,NA,CH14688,T022352_T236_7B
T022353,NA,2006-10-20,reach 10,NA,NA,NA,CH14700,T022353_T236_7C
T022354,NA,2006-10-20,reach 10,NA,NA,NA,CH14712,T022354_T236_7D
T022355,NA,2006-10-20,reach 10,NA,NA,NA,CH14724,T022355_T236_7E
T022356,NA,2006-10-20,reach 10,NA,NA,NA,CH14736,T022356_T236_7F
T022357,NA,2006-10-20,reach 10,NA,NA,NA,CH14748,T022357_T236_7G
T022358,NA,2006-10-20,reach 12,NA,NA,NA,CH14760,T022358_T236_7H
T022359,NA,2006-10-24,reach 5,NA,NA,NA,CH14677,T022359_T236_8A
T022360,NA,2006-10-24,reach 6,NA,NA,NA,CH14689,T022360_T236_8B
T022361,NA,2006-10-24,reach 6,NA,NA,NA,CH14701,T022361_T236_8C
T022362,NA,2006-10-24,reach 6,NA,NA,NA,CH14713,T022362_T236_8D
T022363,NA,2006-10-24,reach 6,NA,NA,NA,CH14725,T022363_T236_8E
T022364,NA,2006-10-24,reach 6,NA,NA,NA,CH14737,T022364_T236_8F
T022365,NA,2006-10-24,reach 6,NA,NA,NA,CH14749,T022365_T236_8G
T022366,NA,2006-10-24,reach 6,NA,NA,NA,CH14761,T022366_T236_8H
T022367,NA,2006-10-24,reach 6,NA,NA,NA,CH14678,T022367_T236_9A
T022368,NA,2006-10-24,reach 6,NA,NA,NA,CH14690,T022368_T236_9B
T022369,NA,2006-10-24,reach 6,NA,NA,NA,CH14702,T022369_T236_9C
T022370,NA,2006-10-24,reach 9,NA,NA,NA,CH14714,T022370_T236_9D
T022371,NA,2006-10-24,reach 10,NA,NA,NA,CH14726,T022371_T236_9E
T022372,NA,2006-10-24,reach 11,NA,NA,NA,CH14738,T022372_T236_9F
T022373,NA,2006-11-03,reach 5,NA,NA,NA,CH14750,T022373_T236_9G
T022374,NA,2006-11-03,reach 5,NA,NA,NA,CH14762,T022374_T236_9H
T022375,NA,2006-11-03,reach 5,NA,NA,NA,CH14679,T022375_T236_10A
T022376,NA,2006-11-03,reach 5,NA,NA,NA,CH14691,T022376_T236_10B
T022377,NA,2006-11-03,reach 5,NA,NA,NA,CH14703,T022377_T236_10C
T022378,NA,2006-11-03,reach 4,NA,NA,NA,CH14715,T022378_T236_10D
T022399,NA,2006-11-03,reach 4,NA,NA,NA,CH14766,T022399_T237_1A
T022400,NA,2006-11-03,reach 4,NA,NA,NA,CH14778,T022400_T237_1B
T022401,NA,2006-11-03,reach 4,NA,NA,NA,CH14790,T022401_T237_1C
T022402,NA,2006-11-03,reach 6,NA,NA,NA,CH14802,T022402_T237_1D
T022403,NA,2006-11-03,reach 6,NA,NA,NA,CH14814,T022403_T237_1E
T022404,NA,2006-11-03,reach 6,NA,NA,NA,CH14826,T022404_T237_1F
T022405,NA,2006-11-03,reach 6,NA,NA,NA,CH14838,T022405_T237_1G
T022406,NA,2006-11-03,reach 6,NA,NA,NA,CH14850,T022406_T237_1H
T022407,NA,2006-11-03,reach 6,NA,NA,NA,CH14767,T022407_T237_2A
T022408,NA,2006-11-03,reach 9,NA,NA,NA,CH14779,T022408_T237_2B
T022409,NA,2006-11-03,reach 9,NA,NA,NA,CH14791,T022409_T237_2C
T022410,NA,2006-11-03,reach 9,NA,NA,NA,CH14803,T022410_T237_2D
T022411,NA,2006-11-03,reach 9,NA,NA,NA,CH14815,T022411_T237_2E
T022412,NA,2006-11-07,reach 4,NA,NA,NA,CH14827,T022412_T237_2F
T022413,NA,2006-11-07,reach 4,NA,NA,NA,CH14839,T022413_T237_2G
T022414,NA,2006-11-07,reach 4,NA,NA,NA,CH14851,T022414_T237_2H
T022415,NA,2006-11-07,reach 4,NA,NA,NA,CH14768,T022415_T237_3A
T022416,NA,2006-11-07,reach 4,NA,NA,NA,CH14780,T022416_T237_3B
T022417,NA,2006-11-07,reach 4,NA,NA,NA,CH14792,T022417_T237_3C
T022418,NA,2006-11-07,reach 4,NA,NA,NA,CH14804,T022418_T237_3D
T022419,NA,2006-11-07,reach 4,NA,NA,NA,CH14816,T022419_T237_3E
T022420,NA,2006-11-07,reach 4,NA,NA,NA,CH14828,T022420_T237_3F
T022421,NA,2006-11-07,reach 4,NA,NA,NA,CH14840,T022421_T237_3G
T022422,NA,2006-11-07,reach 4,NA,NA,NA,CH14852,T022422_T237_3H
T022423,NA,2006-11-07,reach 4,NA,NA,NA,CH14769,T022423_T237_4A
T022424,NA,2006-11-07,reach 4,NA,NA,NA,CH14781,T022424_T237_4B
T022425,NA,2006-11-07,reach 4,NA,NA,NA,CH14793,T022425_T237_4C
T022426,NA,2006-11-07,reach 4,NA,NA,NA,CH14805,T022426_T237_4D
T022427,NA,2006-11-07,reach 4,NA,NA,NA,CH14817,T022427_T237_4E
T022428,NA,2006-11-07,reach 4,NA,NA,NA,CH14829,T022428_T237_4F
T022429,NA,2006-11-07,reach 5,NA,NA,NA,CH14841,T022429_T237_4G
T022430,NA,2006-11-07,reach 5,NA,NA,NA,CH14853,T022430_T237_4H
T022431,NA,2006-11-07,reach 5,NA,NA,NA,CH14770,T022431_T237_5A
T022432,NA,2006-11-07,reach 5,NA,NA,NA,CH14782,T022432_T237_5B
T022433,NA,2006-11-07,reach 5,NA,NA,NA,CH14794,T022433_T237_5C
T022434,NA,2006-11-07,reach 5,NA,NA,NA,CH14806,T022434_T237_5D
T022435,NA,2006-11-07,reach 5,NA,NA,NA,CH14818,T022435_T237_5E
T022436,NA,2006-11-07,reach 5,NA,NA,NA,CH14830,T022436_T237_5F
T022437,NA,2006-11-07,reach 5,NA,NA,NA,CH14842,T022437_T237_5G
T022438,NA,2006-11-07,reach 5,NA,NA,NA,CH14854,T022438_T237_5H
T022439,NA,2006-11-07,reach 5,NA,NA,NA,CH14771,T022439_T237_6A
T022440,NA,2006-11-07,reach 5,NA,NA,NA,CH14783,T022440_T237_6B
T022441,NA,2006-11-07,reach 6,NA,NA,NA,CH14795,T022441_T237_6C
T022442,NA,2006-11-07,reach 6,NA,NA,NA,CH14807,T022442_T237_6D
T022443,NA,2006-11-07,reach 6,NA,NA,NA,CH14819,T022443_T237_6E
T022444,NA,2006-11-07,reach 6,NA,NA,NA,CH14831,T022444_T237_6F
T022445,NA,2006-11-07,reach 10,NA,NA,NA,CH14843,T022445_T237_6G
T022446,NA,2006-11-10,reach 5,NA,NA,NA,CH14855,T022446_T237_6H
T022447,NA,2006-11-10,reach 5,NA,NA,NA,CH14772,T022447_T237_7A
T022448,NA,2006-11-10,reach 5,NA,NA,NA,CH14784,T022448_T237_7B
T022449,NA,2006-11-10,reach 5,NA,NA,NA,CH14796,T022449_T237_7C
T022450,NA,2006-11-10,reach 5,NA,NA,NA,CH14808,T022450_T237_7D
T022451,NA,2006-11-10,reach 4,NA,NA,NA,CH14820,T022451_T237_7E
T022452,NA,2006-11-10,reach 4,NA,NA,NA,CH14832,T022452_T237_7F
T022453,NA,2006-11-10,reach 4,NA,NA,NA,CH14844,T022453_T237_7G
T022454,NA,2006-11-10,reach 4,NA,NA,NA,CH14856,T022454_T237_7H
T022455,NA,2006-11-10,reach 4,NA,NA,NA,CH14773,T022455_T237_8A
T022456,NA,2006-11-10,reach 4,NA,NA,NA,CH14785,T022456_T237_8B
T022457,NA,2006-11-10,reach 4,NA,NA,NA,CH14797,T022457_T237_8C
T022458,NA,2006-11-10,reach 4,NA,NA,NA,CH14809,T022458_T237_8D
T022459,NA,2006-11-10,reach 4,NA,NA,NA,CH14821,T022459_T237_8E
T022460,NA,2006-11-10,reach 4,NA,NA,NA,CH14833,T022460_T237_8F
T022461,NA,2006-11-10,reach 4,NA,NA,NA,CH14845,T022461_T237_8G
T022462,NA,2006-11-10,reach 6,NA,NA,NA,CH14857,T022462_T237_8H
T022463,NA,2006-11-10,reach 9,NA,NA,NA,CH14774,T022463_T237_9A
T022464,NA,2006-11-10,reach 9,NA,NA,NA,CH14786,T022464_T237_9B
T022465,NA,2006-11-10,reach 10,NA,NA,NA,CH14798,T022465_T237_9C
T022468,NA,2006-11-28,reach 5,NA,NA,NA,CH14810,T022468_T237_9F
T022469,NA,2006-11-28,reach 5,NA,NA,NA,CH14822,T022469_T237_9G
T022470,NA,2006-12-01,reach 6,NA,NA,NA,CH14834,T022470_T237_9H
T022471,NA,2006-12-01,reach 6,NA,NA,NA,CH14846,T022471_T237_10A
T022472,NA,2006-12-01,reach 6,NA,NA,NA,CH14858,T022472_T237_10B
T026442,NA,2006-10-27,Reach 9A,"Salmon River, North Fork",NA,NA,CH14585,T026442_T279_2D
T026443,NA,2006-10-27,Reach 6A,"Salmon River, South Fork",NA,NA,CH14597,T026443_T279_2E
T026444,NA,2006-10-31,Reach 4A,"Salmon River, Forks to Nordy",NA,NA,CH14609,T026444_T279_2F
T026445,NA,2006-10-31,Reach 4A,Salmon River,NA,NA,CH14621,T026445_T279_2G
T026446,NA,2006-10-31,Reach 9,Salmon River,NA,NA,CH14633,T026446_T279_2H
T026447,NA,2006-10-31,Reach 6A,Salmon River,NA,NA,CH14574,T026447_T279_3A
T026448,NA,2006-10-31,Reach 6A,Salmon River,NA,NA,CH14586,T026448_T279_3B
T026449,NA,2006-10-17,Reach 4A,Salmon River,NA,NA,CH14598,T026449_T279_3C
T026450,NA,2006-10-17,Reach 5A,"Salmon River, Method: Car, Oferal to Henn Bell",NA,NA,CH14610,T026450_T279_3D
T026451,NA,2006-10-17,Reach 6B,"Salmon River, Method: Car",NA,NA,CH14622,T026451_T279_3E
T026452,NA,2006-10-17,Reach 9,"Salmon River, 4 to Forks",NA,NA,CH14634,T026452_T279_3F
T026453,NA,2006-10-17,Reach 9,"Salmon River, North Fork, Method: Car",NA,NA,CH14646,T026453_T279_3G
T026454,NA,2006-10-17,Reach 10,"Salmon River, North Fork",NA,NA,CH14658,T026454_T279_3H
T026455,NA,2006-10-20,Reach 4,"Salmon River, Quail Flat to Nordhelmer, Reach 4 was split, this was the lower section.",NA,NA,CH14575,T026455_T279_4A
T026456,NA,2006-10-20,Reach 6A,"Salmon River, South Fork",NA,NA,CH14587,T026456_T279_4B
T026457,NA,2006-10-20,Reach 10A,Salmon River,NA,NA,CH14599,T026457_T279_4C
T026458,NA,2006-10-20,Reach 10A,"Salmon River, North Fork 8-6",NA,NA,CH14611,T026458_T279_4D
T026459,NA,2006-10-20,Reach 10A,"Salmon River, North Fork 8-6",NA,NA,CH14623,T026459_T279_4E
T026460,NA,2006-10-24,Reach 6A,"Salmon River, South Fork",NA,NA,CH14635,T026460_T279_4F
T026461,NA,2006-10-24,Reach 6B,"Salmon River, Mathews to Indian",NA,NA,CH14647,T026461_T279_4G
T026462,NA,2006-10-24,Reach 6B,"Salmon River, Mathews to Indian",NA,NA,CH14659,T026462_T279_4H
T026463,NA,2006-10-24,Reach 6B,"Salmon River, South Fork",NA,NA,CH14576,T026463_T279_5A
T026464,NA,2006-10-24,Reach 10B,"Salmon River, 6-4",NA,NA,CH14588,T026464_T279_5B
T026465,NA,2006-11-03,Reach 5A,"Salmon River, Bell Forks",NA,NA,CH14600,T026465_T279_5C
T026466,NA,2006-11-03,Reach 4A,"Salmon River, Method: Car",NA,NA,CH14612,T026466_T279_5D
T026467,NA,2006-11-03,Reach 9,"Salmon River, North Fork",NA,NA,CH14624,T026467_T279_5E
T026468,NA,2006-11-07,Reach 4,Salmon River,NA,NA,CH14636,T026468_T279_5F
T026469,NA,2006-11-07,Reach 4,Salmon River,NA,NA,CH14648,T026469_T279_5G
T026470,NA,2006-11-07,Reach 4A,Salmon River,NA,NA,CH14660,T026470_T279_5H
T026471,NA,2006-11-07,Reach 4A,Salmon River,NA,NA,CH14577,T026471_T279_6A
T026472,NA,2006-11-07,Reach 4B,Salmon River,NA,NA,CH14589,T026472_T279_6B
T026473,NA,2006-11-07,Reach 5A,"Salmon River, South Fork",NA,NA,CH14601,T026473_T279_6C
T026474,NA,2006-11-07,Reach 5A,"Salmon River, South Fork",NA,NA,CH14613,T026474_T279_6D
T026475,NA,2006-11-07,Reach 5A,"Salmon River, South Fork",NA,NA,CH14625,T026475_T279_6E
T026476,NA,2006-11-10,Reach 5B,"Salmon River, South Fork",NA,NA,CH14637,T026476_T279_6F
T026477,NA,2006-11-10,Reach 5B,"Salmon River, South Fork",NA,NA,CH14649,T026477_T279_6G
T026478,NA,2006-11-10,Reach 4,Salmon River,NA,NA,CH14661,T026478_T279_6H
T026479,NA,2006-11-10,Reach 4,Salmon River,NA,NA,CH14578,T026479_T279_7A
T026480,NA,2006-12-01,Reach 6A,"Salmon River, South Fork",NA,NA,CH14590,T026480_T279_7B
T031520,Spring Run,2006-10-17,NA,"Petersburg, Coordinates for River confluence or Town nearest Collection Site",41.1010277777777,-123.078083333333,CH14614,T031520_T332_1B
T031521,Spring Run,2006-10-17,NA,"Petersburg, Coordinates for River confluence or Town nearest Collection Site",41.1010277777777,-123.078083333333,CH14626,T031521_T332_1C
T031522,Spring Run,2007-10-16,NA,"Cecilville, Coordinates for River confluence or Town nearest Collection Site",41.1381611111111,-123.138397222222,CH14638,T031522_T332_1D
T031523,Spring Run,2007-10-16,NA,"Cecilville, Coordinates for River confluence or Town nearest Collection Site",41.1381611111111,-123.138397222222,CH14650,T031523_T332_1E
T031524,Spring Run,2007-10-16,NA,"Cecilville, Coordinates for River confluence or Town nearest Collection Site",41.1381611111111,-123.138397222222,CH14662,T031524_T332_1F
T031525,Spring Run,2007-10-16,NA,"Cecilville, Coordinates for River confluence or Town nearest Collection Site",41.1381611111111,-123.138397222222,CH14579,T031525_T332_1G
T031526,Spring Run,2007-10-16,NA,"Cecilville, Coordinates for River confluence or Town nearest Collection Site",41.1381611111111,-123.138397222222,CH14591,T031526_T332_1H
T031527,Spring Run,2007-10-16,NA,"Cecilville, Coordinates for River confluence or Town nearest Collection Site",41.1381611111111,-123.138397222222,CH14603,T031527_T332_2A
T031529,Spring Run,2007-10-16,NA,"Cecilville, Coordinates for River confluence or Town nearest Collection Site",41.1381611111111,-123.138397222222,CH14615,T031529_T332_2C
T031530,Spring Run,2007-10-16,NA,"Cecilville, Coordinates for River confluence or Town nearest Collection Site",41.1381611111111,-123.138397222222,CH14627,T031530_T332_2D
T031531,Spring Run,2007-10-16,NA,"Cecilville, Coordinates for River confluence or Town nearest Collection Site",41.1381611111111,-123.138397222222,CH14639,T031531_T332_2E
T031532,Spring Run,2007-10-16,NA,"Cecilville, Coordinates for River confluence or Town nearest Collection Site",41.1381611111111,-123.138397222222,CH14651,T031532_T332_2F
T031533,Spring Run,2007-10-08,NA,"South Fork Salmon River, Coordinates for River confluence or Town nearest Collection Site",41.2571638888888,-123.321702777777,CH14663,T031533_T332_2G
T031534,Spring Run,2007-10-08,NA,"South Fork Salmon River, Coordinates for River confluence or Town nearest Collection Site",41.2571638888888,-123.321702777777,CH14580,T031534_T332_2H
T031535,Spring Run,2007-10-16,NA,"Cecilville, Coordinates for River confluence or Town nearest Collection Site",41.1381611111111,-123.138397222222,CH14592,T031535_T332_3A
T031536,Spring Run,2007-10-16,NA,"Cecilville, Coordinates for River confluence or Town nearest Collection Site",41.1381611111111,-123.138397222222,CH14604,T031536_T332_3B
T031537,Spring Run,1997-10-01,NA,"South Fork Salmon River, Coordinates for River confluence or Town nearest Collection Site",41.2571638888888,-123.321702777777,CH14616,T031537_T332_3C
T031538,Spring Run,1997-10-01,NA,"South Fork Salmon River, Coordinates for River confluence or Town nearest Collection Site",41.2571638888888,-123.321702777777,CH14628,T031538_T332_3D
T031539,Spring Run,1997-10-01,NA,"East Fork Salmon River, Coordinates for River confluence or Town nearest Collection Site",41.1534722222222,-123.109641666666,CH14640,T031539_T332_3E
T031540,Spring Run,1997-10-01,NA,"East Fork Salmon River, Coordinates for River confluence or Town nearest Collection Site",41.1534722222222,-123.109641666666,CH14652,T031540_T332_3F
T031541,Spring Run,1997-10-01,NA,"East Fork Salmon River, Coordinates for River confluence or Town nearest Collection Site",41.1534722222222,-123.109641666666,CH14664,T031541_T332_3G
T031542,Spring Run,1997-10-01,NA,"Upstr. Ptsbrg, Coordinates for River confluence or Town nearest Collection Site",41.1010277777777,-123.078083333333,CH14581,T031542_T332_3H
T031543,Spring Run,1997-10-01,NA,"Upstr. Ptsbrg, Coordinates for River confluence or Town nearest Collection Site",41.1010277777777,-123.078083333333,CH14593,T031543_T332_4A
T031544,Spring Run,1997-10-01,NA,"Upstr. Ptsbrg, Coordinates for River confluence or Town nearest Collection Site",41.1010277777777,-123.078083333333,CH14605,T031544_T332_4B
T031545,Spring Run,1997-10-01,NA,"Upstr. Ptsbrg, Coordinates for River confluence or Town nearest Collection Site",41.1010277777777,-123.078083333333,CH14617,T031545_T332_4C
T031546,Spring Run,1997-10-01,NA,"Upstr. Ptsbrg, Coordinates for River confluence or Town nearest Collection Site",41.1010277777777,-123.078083333333,CH14629,T031546_T332_4D
T031547,Spring Run,1997-10-01,NA,"Upstr. Ptsbrg, Coordinates for River confluence or Town nearest Collection Site",41.1010277777777,-123.078083333333,CH14641,T031547_T332_4E
T031548,Spring Run,1997-10-01,NA,"Upstr. Ptsbrg, Coordinates for River confluence or Town nearest Collection Site",41.1010277777777,-123.078083333333,CH14653,T031548_T332_4F
T031556,Spring Run,1997-10-08,NA,"Petersburg, Coordinates for River confluence or Town nearest Collection Site",41.1010277777777,-123.078083333333,CH14665,T031556_T332_5F
T031558,Spring Run,1997-10-11,NA,"East Fork South Fork, Coordinates for River confluence or Town nearest Collection Site",41.1534722222222,-123.109641666666,CH14594,T031558_T332_5H
T031559,Spring Run,1997-10-11,NA,"East Fork South Fork, Coordinates for River confluence or Town nearest Collection Site",41.1534722222222,-123.109641666666,CH14606,T031559_T332_6A
T031561,Spring Run,1997-10-11,NA,"East Fork South Fork, Coordinates for River confluence or Town nearest Collection Site",41.1534722222222,-123.109641666666,CH14630,T031561_T332_6C
T031562,Spring Run,1997-10-11,NA,"East Fork South Fork, Coordinates for River confluence or Town nearest Collection Site",41.1534722222222,-123.109641666666,CH14642,T031562_T332_6D
T031563,Spring Run,1997-10-11,NA,"East Fork South Fork, Coordinates for River confluence or Town nearest Collection Site",41.1534722222222,-123.109641666666,CH14654,T031563_T332_6E
T031564,Spring Run,1997-10-11,NA,"East Fork South Fork, Coordinates for River confluence or Town nearest Collection Site",41.1534722222222,-123.109641666666,CH14666,T031564_T332_6F
T031565,Spring Run,1997-10-11,NA,"East Fork South Fork, Coordinates for River confluence or Town nearest Collection Site",41.1534722222222,-123.109641666666,CH14583,T031565_T332_6G
T031566,Spring Run,1994-09-28,NA,"South Fork Salmon River, Coordinates for River confluence or Town nearest Collection Site",41.2571638888888,-123.321702777777,CH14595,T031566_T332_6H
T031567,Spring Run,1994-01-24,NA,"South Fork Salmon River, Coordinates for River confluence or Town nearest Collection Site",41.2571638888888,-123.321702777777,CH14607,T031567_T332_7A
T031569,Spring Run,1994-09-28,NA,"South Fork Salmon River, Coordinates for River confluence or Town nearest Collection Site",41.2571638888888,-123.321702777777,CH14631,T031569_T332_7C
T031570,Spring Run,1994-09-28,NA,"South Fork Salmon River, Coordinates for River confluence or Town nearest Collection Site",41.2571638888888,-123.321702777777,CH14643,T031570_T332_7D
T031572,Spring Run,1994-09-28,NA,"South Fork Salmon River, Coordinates for River confluence or Town nearest Collection Site",41.2571638888888,-123.321702777777,CH14667,T031572_T332_7F
T031573,Spring Run,1994-09-27,NA,"South Fork Salmon River, Coordinates for River confluence or Town nearest Collection Site",41.2571638888888,-123.321702777777,CH14584,T031573_T332_7G
T031574,Spring Run,1994-09-27,NA,"South Fork Salmon River, Coordinates for River confluence or Town nearest Collection Site",41.2571638888888,-123.321702777777,CH14596,T031574_T332_7H
T031575,Spring Run,1994-09-27,NA,"South Fork Salmon River, Coordinates for River confluence or Town nearest Collection Site",41.2571638888888,-123.321702777777,CH14608,T031575_T332_8A
T031576,Spring Run,1994-09-27,NA,"South Fork Salmon River, Coordinates for River confluence or Town nearest Collection Site",41.2571638888888,-123.321702777777,CH14620,T031576_T332_8B
T031577,Spring Run,1994-09-27,NA,"South Fork Salmon River, Coordinates for River confluence or Town nearest Collection Site",41.2571638888888,-123.321702777777,CH14632,T031577_T332_8C
T031578,Spring Run,1994-09-27,NA,"South Fork Salmon River, Coordinates for River confluence or Town nearest Collection Site",41.2571638888888,-123.321702777777,CH14644,T031578_T332_8D
T031579,Spring Run,1994-09-27,NA,"South Fork Salmon River, Coordinates for River confluence or Town nearest Collection Site",41.2571638888888,-123.321702777777,CH14656,T031579_T332_8E
T031580,Spring Run,1994-09-27,NA,"South Fork Salmon River, Coordinates for River confluence or Town nearest Collection Site",41.2571638888888,-123.321702777777,CH14668,T031580_T332_8F
T032032,NA,2006-10-12,NA,NA,41.2571638888888,-123.321702777777,CH14727,T032032_T337_5B
T032033,NA,2006-10-14,NA,NA,41.2571638888888,-123.321702777777,CH14739,T032033_T337_5C
T032034,NA,2006-09-27,Cecilville,NA,41.1381611111111,-123.138397222222,CH14751,T032034_T337_5D
T032038,NA,2006-10-12,Cecilville,NA,41.1381611111111,-123.138397222222,CH14704,T032038_T337_5H
T032039,NA,2006-10-05,Cecilville,NA,41.1381611111111,-123.138397222222,CH14716,T032039_T337_6A
T032041,NA,2006-10-05,Cecilville,NA,41.1381611111111,-123.138397222222,CH14740,T032041_T337_6C
T032042,NA,2006-09-21,NA,NA,41.2571638888888,-123.321702777777,CH14752,T032042_T337_6D
T032043,NA,2006-10-05,Cecilville,NA,41.1381611111111,-123.138397222222,CH14764,T032043_T337_6E
T032044,NA,2006-10-10,NA,NA,41.1010277777777,-123.078083333333,CH14681,T032044_T337_6F
T032046,NA,2006-10-12,Cecilville,NA,41.1381611111111,-123.138397222222,CH14705,T032046_T337_6H
T169745,Fall,2018-10-26,4B,NA,NA,NA,CH18439,T169745_T1772_3C
T169746,Fall,2017-10-20,5B,South Fork Salmon River - I think that is what it says on the envelope.,NA,NA,CH18451,T169746_T1772_3D
T169747,Fall,2017-10-17,9A,NA,NA,NA,CH18463,T169747_T1772_3E
T169748,Fall,2017-10-17,5A,South Fork,NA,NA,CH18475,T169748_T1772_3F
T169749,Fall,2017-10-17,6A,South Fork,NA,NA,CH18487,T169749_T1772_3G
T169750,Fall,2017-10-24,4B,NA,NA,NA,CH18499,T169750_T1772_3H
T169751,Fall,2017-10-24,4B,NA,NA,NA,CH18416,T169751_T1772_4A
T169752,Fall,2017-10-24,5A,NA,NA,NA,CH18428,T169752_T1772_4B
T169753,Fall,2017-10-24,9B,North Fork,NA,NA,CH18440,T169753_T1772_4C
T169754,Fall,2017-10-24,9A,NA,NA,NA,CH18452,T169754_T1772_4D
T169755,Fall,2017-10-27,4B,NA,NA,NA,CH18464,T169755_T1772_4E
T169756,Fall,2017-10-27,4B,NA,NA,NA,CH18476,T169756_T1772_4F
T169757,Fall,2017-10-27,4B,NA,NA,NA,CH18488,T169757_T1772_4G
T169758,Fall,2017-10-27,4B,NA,NA,NA,CH18500,T169758_T1772_4H
T169759,Fall,2017-10-27,4B,NA,NA,NA,CH18417,T169759_T1772_5A
T169760,Fall,2017-10-27,6A,NA,NA,NA,CH18429,T169760_T1772_5B
T169761,Fall,2017-10-27,5A,NA,NA,NA,CH18441,T169761_T1772_5C
T169762,Fall,2017-10-27,5A,NA,NA,NA,CH18453,T169762_T1772_5D
T169763,Fall,2017-11-03,4A,NA,NA,NA,CH18465,T169763_T1772_5E
T169764,Fall,2017-11-03,4A,NA,NA,NA,CH18477,T169764_T1772_5F
T169765,Fall,2017-11-04,9A,NA,NA,NA,CH18489,T169765_T1772_5G
T169766,Fall,2017-11-03,9A,NA,NA,NA,CH18501,T169766_T1772_5H
T169767,Fall,2017-11-04,9A,NA,NA,NA,CH18418,T169767_T1772_6A
T169768,Fall,2017-11-13,NA,NA,NA,NA,CH18430,T169768_T1772_6B
T169769,Fall,2017-11-03,5A,NA,NA,NA,CH18442,T169769_T1772_6C
T169770,Fall,2017-11-07,4B,NA,NA,NA,CH18454,T169770_T1772_6D
T169771,Fall,2017-11-07,4B,NA,NA,NA,CH18466,T169771_T1772_6E
T169772,Fall,2017-11-07,4B,NA,NA,NA,CH18478,T169772_T1772_6F
T169773,Fall,2017-11-07,4B,NA,NA,NA,CH18490,T169773_T1772_6G
T169774,Fall,2017-11-07,4B,NA,NA,NA,CH18502,T169774_T1772_6H
T169775,Fall,2017-11-07,9A,North Fork,NA,NA,CH18419,T169775_T1772_7A
T169776,Fall,2017-10-31,10B,NA,NA,NA,CH18431,T169776_T1772_7B
T169777,Fall,2017-10-31,10B,NA,NA,NA,CH18443,T169777_T1772_7C
T169778,Fall,2017-10-31,5A,NA,NA,NA,CH18455,T169778_T1772_7D
T169779,Fall,2017-10-31,4A,NA,NA,NA,CH18467,T169779_T1772_7E
T169780,Fall,2017-10-31,NA,NA,NA,NA,CH18479,T169780_T1772_7F
T169781,Fall,2017-10-31,NA,NA,NA,NA,CH18491,T169781_T1772_7G
T169782,Fall,2017-10-31,4B,NA,NA,NA,CH18503,T169782_T1772_7H
T169783,Fall,2017-10-31,4B,NA,NA,NA,CH18420,T169783_T1772_8A
T169784,Fall,2017-10-31,4B,NA,NA,NA,CH18432,T169784_T1772_8B
T169785,Fall,2017-10-31,9A,NA,NA,NA,CH18444,T169785_T1772_8C
T169786,Fall,2017-10-31,10A,NA,NA,NA,CH18456,T169786_T1772_8D
T169787,Fall,2017-10-31,5A,NA,NA,NA,CH18468,T169787_T1772_8E
T169788,Fall,2017-10-31,5B,NA,NA,NA,CH18480,T169788_T1772_8F
T169789,Spring,2017-10-05,18,NA,NA,NA,CH18492,T169789_T1772_8G
T169790,Spring,2017-09-28,17,NA,NA,NA,CH18504,T169790_T1772_8H
T169791,Spring,2017-10-12,14,NA,NA,NA,CH18421,T169791_T1772_9A
T169792,Spring,2017-10-05,17,NA,NA,NA,CH18433,T169792_T1772_9B
T169793,Spring,2017-09-25,17,NA,NA,NA,CH18445,T169793_T1772_9C
T169794,Spring,2017-10-02,14,NA,NA,NA,CH18457,T169794_T1772_9D
T169795,Fall,2018-11-06,9A,NA,NA,NA,CH18469,T169795_T1772_9E
T169796,Fall,2018-11-02,NA,North Fork,NA,NA,CH18481,T169796_T1772_9F
T169797,Fall,2018-10-30,4B,NA,NA,NA,CH18493,T169797_T1772_9G
T169798,Fall,2018-10-30,4B,NA,NA,NA,CH18505,T169798_T1772_9H
T169799,Fall,2018-11-02,4A,NA,NA,NA,CH18422,T169799_T1772_10A
T169800,Fall,2018-11-13,NA,North Fork,NA,NA,CH18434,T169800_T1772_10B
T169801,Fall,2018-11-02,9A,North Fork,NA,NA,CH18446,T169801_T1772_10C
T169802,Fall,2018-11-02,4A,NA,NA,NA,CH18458,T169802_T1772_10D
T169803,Fall,2018-11-02,4A,NA,NA,NA,CH18470,T169803_T1772_10E
T169804,Fall,2018-11-06,5A,NA,NA,NA,CH18482,T169804_T1772_10F
T169805,Fall,2018-10-30,4B,NA,NA,NA,CH18494,T169805_T1772_10G
T169806,Fall,2018-10-30,5B,South Fork,NA,NA,CH18506,T169806_T1772_10H
T169807,Fall,2018-10-30,NA,South Fork,NA,NA,CH18423,T169807_T1772_11A
T169808,Fall,2018-11-13,9A,North Fork,NA,NA,CH18435,T169808_T1772_11B
T169809,Fall,2018-10-30,4A,NA,NA,NA,CH18447,T169809_T1772_11C
T169810,Fall,2018-10-26,6A,South Fork,NA,NA,CH18459,T169810_T1772_11D
T169811,Fall,2018-10-26,4B,NA,NA,NA,CH18471,T169811_T1772_11E
T169812,Fall,2018-10-26,5B,NA,NA,NA,CH18483,T169812_T1772_11F
T169813,Fall,2018-10-23,4B,NA,NA,NA,CH18495,T169813_T1772_11G
T169814,Fall,2018-10-16,4A,NA,NA,NA,CH18507,T169814_T1772_11H
T169815,Fall,2018-11-20,4A,NA,NA,NA,CH18424,T169815_T1772_12A
T169816,Fall,2018-10-30,5A,NA,NA,NA,CH18436,T169816_T1772_12B
T169817,Fall,2018-10-26,5A,South Fork,NA,NA,CH18448,T169817_T1772_12C
T169818,Fall,2018-10-23,9A,North Fork,NA,NA,CH18460,T169818_T1772_12D
T169819,Fall,2018-10-23,9A,North Fork,NA,NA,CH18472,T169819_T1772_12E
T169820,Fall,2018-10-26,9A,NA,NA,NA,CH18484,T169820_T1772_12F
T169821,Fall,2018-10-19,5A,NA,NA,NA,CH18496,T169821_T1772_12G
T169822,Fall,2018-10-23,5A,NA,NA,NA,CH18508,T169822_T1772_12H
T170111,Fall,2086-11-06,NA,NA,NA,NA,CH18701,T170111_T1776_1A
T170112,Fall,2087-10-21,NA,NA,NA,NA,CH18713,T170112_T1776_1B
T170113,Fall,2087-10-28,NA,NA,NA,NA,CH18725,T170113_T1776_1C
T170114,Fall,2087-10-28,NA,NA,NA,NA,CH18737,T170114_T1776_1D
T170115,Fall,2087-10-28,NA,NA,NA,NA,CH18749,T170115_T1776_1E
T170116,Fall,2087-10-28,NA,NA,NA,NA,CH18761,T170116_T1776_1F
T170117,Fall,2087-10-28,NA,NA,NA,NA,CH18773,T170117_T1776_1G
T170118,Fall,2087-10-28,NA,NA,NA,NA,CH18785,T170118_T1776_1H
T170119,Fall,2087-10-28,NA,NA,NA,NA,CH18702,T170119_T1776_2A
T170120,Fall,2087-10-28,NA,NA,NA,NA,CH18714,T170120_T1776_2B
T170121,Fall,2087-10-28,NA,NA,NA,NA,CH18726,T170121_T1776_2C
T170122,Fall,2087-11-04,NA,NA,NA,NA,CH18738,T170122_T1776_2D
T170123,Fall,2087-11-04,NA,NA,NA,NA,CH18750,T170123_T1776_2E
T170124,Fall,2087-11-04,NA,NA,NA,NA,CH18762,T170124_T1776_2F
T170125,Fall,2087-11-04,NA,NA,NA,NA,CH18774,T170125_T1776_2G
T170126,Fall,2087-11-04,NA,NA,NA,NA,CH18786,T170126_T1776_2H
T170127,Fall,2087-11-04,NA,NA,NA,NA,CH18703,T170127_T1776_3A
T170128,Fall,2087-11-04,NA,NA,NA,NA,CH18715,T170128_T1776_3B
T170129,Fall,2087-11-04,NA,NA,NA,NA,CH18727,T170129_T1776_3C
T170130,Fall,2087-11-04,NA,NA,NA,NA,CH18739,T170130_T1776_3D
T170131,Fall,2087-11-04,NA,NA,NA,NA,CH18751,T170131_T1776_3E
T170132,Fall,2087-11-04,NA,NA,NA,NA,CH18763,T170132_T1776_3F
T170133,Fall,2087-11-04,NA,NA,NA,NA,CH18775,T170133_T1776_3G
T170134,Fall,2087-11-04,NA,NA,NA,NA,CH18787,T170134_T1776_3H
T170135,Fall,2087-11-04,NA,NA,NA,NA,CH18704,T170135_T1776_4A
T170136,Fall,2087-11-04,NA,NA,NA,NA,CH18716,T170136_T1776_4B
T170137,Fall,2087-11-04,NA,NA,NA,NA,CH18728,T170137_T1776_4C
T170138,Fall,2088-10-12,NA,NA,NA,NA,CH18740,T170138_T1776_4D
T170139,Fall,2088-10-19,NA,NA,NA,NA,CH18752,T170139_T1776_4E
T170140,Fall,2088-10-19,NA,NA,NA,NA,CH18764,T170140_T1776_4F
T170141,Fall,2088-10-19,NA,NA,NA,NA,CH18776,T170141_T1776_4G
T170142,Fall,2088-10-26,NA,NA,NA,NA,CH18788,T170142_T1776_4H
T170143,Fall,2088-10-26,NA,NA,NA,NA,CH18705,T170143_T1776_5A
T170144,Fall,2088-10-26,NA,NA,NA,NA,CH18717,T170144_T1776_5B
T170145,Fall,2088-10-26,NA,NA,NA,NA,CH18729,T170145_T1776_5C
T170146,Fall,2088-10-26,NA,NA,NA,NA,CH18741,T170146_T1776_5D
T170147,Fall,2088-11-01,NA,NA,NA,NA,CH18753,T170147_T1776_5E
T170148,Fall,2088-11-01,NA,NA,NA,NA,CH18765,T170148_T1776_5F
T170149,Fall,2088-11-01,NA,NA,NA,NA,CH18777,T170149_T1776_5G
T170150,Fall,2088-11-01,NA,NA,NA,NA,CH18789,T170150_T1776_5H
T170151,Fall,2088-11-01,NA,NA,NA,NA,CH18706,T170151_T1776_6A
T170152,Fall,2088-11-04,NA,NA,NA,NA,CH18718,T170152_T1776_6B
T170153,Fall,2088-11-06,NA,NA,NA,NA,CH18730,T170153_T1776_6C
T170154,Fall,2088-11-09,NA,NA,NA,NA,CH18742,T170154_T1776_6D
T170155,Fall,2088-11-09,NA,NA,NA,NA,CH18754,T170155_T1776_6E
T170156,Fall,2088-11-09,NA,NA,NA,NA,CH18766,T170156_T1776_6F
T170157,Fall,2088-11-09,NA,NA,NA,NA,CH18778,T170157_T1776_6G
T170158,Fall,2088-11-09,NA,NA,NA,NA,CH18790,T170158_T1776_6H
T170159,Fall,2088-11-16,NA,NA,NA,NA,CH18707,T170159_T1776_7A
T170160,Fall,2088-11-16,NA,NA,NA,NA,CH18719,T170160_T1776_7B
T170161,Fall,2088-11-16,NA,NA,NA,NA,CH18731,T170161_T1776_7C
T170162,Fall,2088-11-16,NA,NA,NA,NA,CH18743,T170162_T1776_7D
T170163,Fall,2088-11-16,NA,NA,NA,NA,CH18755,T170163_T1776_7E
T170164,Fall,2088-11-20,NA,NA,NA,NA,CH18767,T170164_T1776_7F
T170165,Fall,2088-11-20,NA,NA,NA,NA,CH18779,T170165_T1776_7G
T170166,Fall,2088-11-20,NA,NA,NA,NA,CH18791,T170166_T1776_7H
T170167,Fall,2088-11-20,NA,NA,NA,NA,CH18708,T170167_T1776_8A
T170168,Fall,2088-11-20,NA,NA,NA,NA,CH18720,T170168_T1776_8B
T170169,Fall,2088-12-07,NA,NA,NA,NA,CH18732,T170169_T1776_8C
T170170,Fall,2088-12-07,NA,NA,NA,NA,CH18744,T170170_T1776_8D
T170171,Fall,2084-10-18,NA,NA,NA,NA,CH18756,T170171_T1776_8E
T170172,Fall,2084-10-18,NA,NA,NA,NA,CH18768,T170172_T1776_8F
T170173,Fall,2084-10-31,NA,NA,NA,NA,CH18780,T170173_T1776_8G
T170174,Fall,2084-10-31,NA,NA,NA,NA,CH18792,T170174_T1776_8H
T170175,Fall,2084-10-31,NA,NA,NA,NA,CH18709,T170175_T1776_9A
T170176,Fall,2084-10-31,NA,NA,NA,NA,CH18721,T170176_T1776_9B
T170177,Fall,2084-10-31,NA,NA,NA,NA,CH18733,T170177_T1776_9C
T170178,Fall,2084-10-31,NA,NA,NA,NA,CH18745,T170178_T1776_9D
T170179,Fall,2084-10-31,NA,NA,NA,NA,CH18757,T170179_T1776_9E
T170180,Fall,2084-10-31,NA,NA,NA,NA,CH18769,T170180_T1776_9F
T170181,Fall,2084-10-31,NA,NA,NA,NA,CH18781,T170181_T1776_9G
T170182,Fall,2084-10-31,NA,NA,NA,NA,CH18793,T170182_T1776_9H
T170183,Fall,2084-11-07,NA,NA,NA,NA,CH18710,T170183_T1776_10A
T170184,Fall,2084-11-07,NA,NA,NA,NA,CH18722,T170184_T1776_10B
T170185,Fall,2084-11-07,NA,NA,NA,NA,CH18734,T170185_T1776_10C
T170186,Fall,2084-11-07,NA,NA,NA,NA,CH18746,T170186_T1776_10D
T170187,Fall,2084-11-07,NA,NA,NA,NA,CH18758,T170187_T1776_10E
T170188,Fall,2084-11-07,NA,NA,NA,NA,CH18770,T170188_T1776_10F
T170189,Fall,2084-11-07,NA,NA,NA,NA,CH18782,T170189_T1776_10G
T170190,Fall,2084-11-07,NA,NA,NA,NA,CH18794,T170190_T1776_10H
T170191,Fall,2084-11-07,NA,NA,NA,NA,CH18711,T170191_T1776_11A
T170192,Fall,2084-11-07,NA,NA,NA,NA,CH18723,T170192_T1776_11B
T170193,Fall,2084-11-07,NA,NA,NA,NA,CH18735,T170193_T1776_11C
T170194,Fall,2084-11-07,NA,NA,NA,NA,CH18747,T170194_T1776_11D
T170195,Fall,2084-11-07,NA,NA,NA,NA,CH18759,T170195_T1776_11E
T170196,Fall,2084-11-07,NA,NA,NA,NA,CH18771,T170196_T1776_11F
T170197,Fall,2084-11-07,NA,NA,NA,NA,CH18783,T170197_T1776_11G
T170198,Fall,2084-11-07,NA,NA,NA,NA,CH18795,T170198_T1776_11H
T170199,Fall,2084-11-07,NA,NA,NA,NA,CH18712,T170199_T1776_12A
T170200,Fall,2084-11-07,NA,NA,NA,NA,CH18724,T170200_T1776_12B
T170201,Fall,2084-11-07,NA,NA,NA,NA,CH18736,T170201_T1776_12C
T170202,Fall,2084-11-07,NA,NA,NA,NA,CH18748,T170202_T1776_12D
T170203,Fall,2084-11-07,NA,NA,NA,NA,CH18760,T170203_T1776_12E
T170204,Fall,2084-11-07,NA,NA,NA,NA,CH18772,T170204_T1776_12F
T170205,Fall,2084-11-20,NA,NA,NA,NA,CH18784,T170205_T1776_12G
T170206,Fall,2084-11-14,NA,NA,NA,NA,CH18796,T170206_T1776_12H
T170207,Fall,2084-11-14,NA,NA,NA,NA,CH18797,T170207_T1777_1A
T170208,Fall,2084-11-14,NA,NA,NA,NA,CH18809,T170208_T1777_1B
T170209,Fall,2084-11-14,NA,NA,NA,NA,CH18821,T170209_T1777_1C
T170210,Fall,2084-11-14,NA,NA,NA,NA,CH18833,T170210_T1777_1D
T170211,Fall,2084-11-14,NA,NA,NA,NA,CH18845,T170211_T1777_1E
T170212,Fall,2084-11-14,NA,NA,NA,NA,CH18857,T170212_T1777_1F
T170213,Fall,2084-11-14,NA,NA,NA,NA,CH18869,T170213_T1777_1G
T170214,Fall,2084-11-14,NA,NA,NA,NA,CH18881,T170214_T1777_1H
T170215,Fall,2084-11-14,NA,NA,NA,NA,CH18798,T170215_T1777_2A
T170216,Fall,2084-11-14,NA,NA,NA,NA,CH18810,T170216_T1777_2B
T170217,Fall,2084-11-14,NA,NA,NA,NA,CH18822,T170217_T1777_2C
T170218,Fall,2084-11-14,NA,NA,NA,NA,CH18834,T170218_T1777_2D
T170219,Fall,2084-11-14,NA,NA,NA,NA,CH18846,T170219_T1777_2E
T170220,Fall,2084-11-14,NA,NA,NA,NA,CH18858,T170220_T1777_2F
T170221,Fall,2084-11-20,NA,NA,NA,NA,CH18870,T170221_T1777_2G
T170222,Fall,2084-11-20,NA,NA,NA,NA,CH18882,T170222_T1777_2H
T170223,Fall,2084-11-07,NA,NA,NA,NA,CH18799,T170223_T1777_3A
T170224,Fall,2084-11-21,NA,NA,NA,NA,CH18811,T170224_T1777_3B
T170225,Fall,2084-11-21,NA,NA,NA,NA,CH18823,T170225_T1777_3C
T170226,Fall,2084-11-21,NA,NA,NA,NA,CH18835,T170226_T1777_3D
T170227,Fall,2084-11-21,NA,NA,NA,NA,CH18847,T170227_T1777_3E
T170228,Fall,2084-11-13,NA,NA,NA,NA,CH18859,T170228_T1777_3F
T170229,Fall,2084-11-13,NA,NA,NA,NA,CH18871,T170229_T1777_3G
T170230,Fall,2084-11-13,NA,NA,NA,NA,CH18883,T170230_T1777_3H
T170231,Fall,2084-11-13,NA,NA,NA,NA,CH18800,T170231_T1777_4A
T170232,Fall,2084-10-28,NA,NA,NA,NA,CH18812,T170232_T1777_4B
T170233,Fall,2084-10-28,NA,NA,NA,NA,CH18824,T170233_T1777_4C
T170234,Fall,2084-11-10,NA,NA,NA,NA,CH18836,T170234_T1777_4D
T170235,Fall,2084-11-10,NA,NA,NA,NA,CH18848,T170235_T1777_4E
T170236,Fall,2084-11-10,NA,NA,NA,NA,CH18860,T170236_T1777_4F
T170237,Fall,2084-11-10,NA,NA,NA,NA,CH18872,T170237_T1777_4G
T170238,Fall,2084-11-10,NA,NA,NA,NA,CH18884,T170238_T1777_4H
T170239,Fall,2084-11-10,NA,NA,NA,NA,CH18801,T170239_T1777_5A
T170240,Fall,2084-11-10,NA,NA,NA,NA,CH18813,T170240_T1777_5B
T170241,Fall,2084-11-10,NA,NA,NA,NA,CH18825,T170241_T1777_5C
T170242,Fall,2084-11-10,NA,NA,NA,NA,CH18837,T170242_T1777_5D
T170243,Fall,2084-11-10,NA,NA,NA,NA,CH18849,T170243_T1777_5E
T170244,Fall,2084-11-10,NA,NA,NA,NA,CH18861,T170244_T1777_5F
T170245,Fall,2084-11-10,NA,NA,NA,NA,CH18873,T170245_T1777_5G
T170246,Fall,2084-11-10,NA,NA,NA,NA,CH18885,T170246_T1777_5H
T170247,Fall,2084-11-10,NA,NA,NA,NA,CH18802,T170247_T1777_6A
T170248,Fall,2088-10-27,4B,NA,NA,NA,CH18814,T170248_T1777_6B
T170249,Fall,2088-10-27,4B,NA,NA,NA,CH18826,T170249_T1777_6C
T170250,Fall,2088-10-17,4B,NA,NA,NA,CH18838,T170250_T1777_6D
T170251,Fall,2088-10-20,6A,NA,NA,NA,CH18850,T170251_T1777_6E
T170252,Fall,2088-10-20,9A,NA,NA,NA,CH18862,T170252_T1777_6F
T170253,Fall,2088-10-31,10B,NA,NA,NA,CH18874,T170253_T1777_6G
T170254,Fall,2088-10-20,9A,NA,NA,NA,CH18886,T170254_T1777_6H
T170255,Fall,2088-11-10,4B,NA,NA,NA,CH18803,T170255_T1777_7A
T170256,Fall,2088-11-07,9A,NA,NA,NA,CH18815,T170256_T1777_7B
T170257,Fall,2088-11-07,9A,NA,NA,NA,CH18827,T170257_T1777_7C
T170258,Fall,2088-11-07,4B,NA,NA,NA,CH18839,T170258_T1777_7D
T170259,Fall,2088-11-07,9A,NA,NA,NA,CH18851,T170259_T1777_7E
T170260,Fall,2088-11-07,9A,NA,NA,NA,CH18863,T170260_T1777_7F
T170261,Fall,2088-10-17,4B,NA,NA,NA,CH18875,T170261_T1777_7G
T170262,Fall,2088-11-03,5B,NA,NA,NA,CH18887,T170262_T1777_7H
T170263,Fall,2088-10-31,9A,NA,NA,NA,CH18804,T170263_T1777_8A
T170264,Fall,2088-11-07,4A,NA,NA,NA,CH18816,T170264_T1777_8B
T170265,Fall,2088-11-07,4A,NA,NA,NA,CH18828,T170265_T1777_8C
T170266,Fall,2088-11-17,4A,NA,NA,NA,CH18840,T170266_T1777_8D
T170267,Fall,2088-11-10,4B,NA,NA,NA,CH18852,T170267_T1777_8E
T170268,Fall,2088-11-14,4A,NA,NA,NA,CH18864,T170268_T1777_8F
T170269,Fall,2088-11-21,9A,NA,NA,NA,CH18876,T170269_T1777_8G
T170270,Fall,2088-11-14,4B,NA,NA,NA,CH18888,T170270_T1777_8H
T170271,Fall,2088-11-17,4B,NA,NA,NA,CH18805,T170271_T1777_9A
T170272,Fall,2088-11-28,4B,NA,NA,NA,CH18817,T170272_T1777_9B
T170273,Fall,2088-12-05,4B,NA,NA,NA,CH18829,T170273_T1777_9C
T170274,Fall,2088-11-21,4B,NA,NA,NA,CH18841,T170274_T1777_9D
T170275,Fall,2088-11-21,9A,NA,NA,NA,CH18853,T170275_T1777_9E
T170276,Fall,2088-10-24,9A,NA,NA,NA,CH18865,T170276_T1777_9F
T170277,Fall,2088-10-24,9A,NA,NA,NA,CH18877,T170277_T1777_9G
T170278,Fall,2088-11-03,4A,NA,NA,NA,CH18889,T170278_T1777_9H
T170279,Fall,2088-11-03,4A,NA,NA,NA,CH18806,T170279_T1777_10A
T170280,Fall,2088-11-03,4A,NA,NA,NA,CH18818,T170280_T1777_10B
T170281,Fall,2088-11-03,4A,NA,NA,NA,CH18830,T170281_T1777_10C
